{"Main":{"a":0},"Options":{"Hardware_resources":{"allow_GPU":true,"num_cores":6}},"Training":{"Options":{"General":{"test_data_fraction":0.2,"testing_frequency":5},"Processing":{"mirroring":true,"num_angles":2,"min_fr_pix":0.1},"Hyperparameters":{"optimiser":["ADAM",5],"optimiser_params":[[],[0.9],[0.9],[0.9],[0.9,0.999],[0.9,0.999],[0.9,0.999],[],[0.9],[0.9,0.999],[0.9,0.999],[0.9,0.999,0.0]],"optimiser_params_names":[[],["ρ"],["ρ"],["ρ"],["β1","β2"],["β1","β2"],["β1","β2"],[],["ρ"],["β1","β2"],["β1","β2"],["β1","β2","Weight decay"]],"learning_rate":0.00141,"epochs":20,"batch_size":10,"savepath":"./"}},"Design":{"width":340.0,"height":100.0,"min_dist_x":40.0,"min_dist_y":40.0,"hide_name":false,"iteration":0,"epoch":0,"iterations_per_epoch":0,"starting_time":"","max_iterations":0,"training_started":false},"Training_plot":{"data_input":[],"data_labels":[],"loss":[],"accuracy":[],"test_accuracy":[0.86108077,0.8578374,0.8585507,0.8578644,0.8558621,0.8530361,0.8541788,0.8562312,0.8586471,0.8604918,0.859885,0.8586699,0.85913324,0.855951,0.85320646,0.85457754,0.8476216,0.8477607,0.8495444,0.85365415,0.8525173,0.85560113,0.85629195,0.85645723,0.85466635,0.8541568,0.85224503,0.8500832,0.8536299,0.85614085,0.8573947,0.85801023,0.85723287,0.8592537,0.85853404,0.85811347,0.86241704,0.8590056,0.85715544,0.855424,0.86009365,0.85924196,0.8576569,0.85624444,0.8570629,0.858278,0.8580556,0.8591178,0.8582123,0.85531765,0.85487056,0.85424525,0.85564715,0.8580984,0.85585994,0.85543394,0.85761434,0.8546509,0.85558933,0.8565708,0.8545804,0.8562029,0.85553944,0.85843366,0.85856676,0.85783136,0.8597867,0.85774535,0.8572414,0.85793906,0.85715985,0.85700285,0.85313684,0.85396624,0.85398895,0.8550871,0.8576318,0.854702,0.85749316,0.86117524,0.8602587,0.8590061,0.8599262,0.85661495,0.8576402,0.8556652,0.8591228,0.8604391,0.86005,0.8580632,0.8592179,0.8581484,0.85873324,0.86129117,0.8611978,0.86403155,0.8635814,0.86214507,0.8561594,0.852681,0.8543716,0.8536035,0.85346425,0.85408926,0.85438347,0.8574342,0.8583113,0.8580912,0.85713375,0.858344,0.8573252,0.8537953,0.85209966,0.8543957,0.85684955,0.85865474,0.85868293,0.85715556,0.8605944,0.86027175,0.85928184,0.8604519,0.8624383,0.86390865,0.8637726,0.86180025,0.860813,0.86373883,0.8602255,0.85574263,0.8550152,0.8569307,0.8576363,0.85733527,0.85897046,0.8582837,0.8581305,0.8587793,0.85983455,0.86320204,0.8639142,0.8610121,0.8590358,0.86013734,0.86071604,0.8598564,0.8584752,0.8582849,0.85886073,0.8595236,0.8563282,0.85856044,0.8556492],"test_loss":[0.3029158,0.30294734,0.30120525,0.3016409,0.30090016,0.30039084,0.29921466,0.30036262,0.30002573,0.3005569,0.3024898,0.30191186,0.30067405,0.30054298,0.3020053,0.30274883,0.30746102,0.3067089,0.30596027,0.3018588,0.3016213,0.3016675,0.3021716,0.3008206,0.30143878,0.30145907,0.3025288,0.3032905,0.2992529,0.29797035,0.2989916,0.299099,0.30051914,0.29996243,0.3012991,0.30073017,0.30055308,0.30504936,0.30118787,0.30460477,0.30108562,0.30082893,0.30143476,0.30301535,0.30129912,0.2999084,0.2992903,0.29983622,0.29918805,0.29903135,0.29821512,0.29835746,0.29682508,0.29741517,0.30035126,0.3003418,0.30044693,0.3048602,0.3005229,0.30116418,0.29988074,0.2983745,0.30077705,0.2991221,0.29727802,0.2992245,0.29789495,0.29617047,0.2958714,0.29606465,0.29586592,0.29619515,0.30118346,0.29789972,0.29649833,0.29709834,0.2964856,0.29945377,0.2997221,0.30208537,0.3000871,0.30027455,0.2984385,0.30010545,0.29992962,0.3024922,0.29767942,0.29666725,0.29788432,0.29788774,0.29907244,0.29935613,0.29877806,0.3004313,0.29867452,0.2985126,0.29974717,0.29765302,0.29739767,0.29734093,0.294979,0.2958977,0.29537812,0.29555115,0.29699117,0.2958734,0.2952847,0.29557487,0.29540315,0.2944754,0.2977185,0.29988322,0.29734078,0.29740846,0.2984121,0.29802117,0.29709786,0.29773638,0.29614857,0.29741699,0.29774436,0.2960717,0.29791608,0.2958076,0.29589543,0.29664764,0.29471532,0.29558077,0.2972521,0.29958075,0.2978514,0.29697824,0.2956604,0.29406488,0.29443505,0.29648727,0.29581988,0.29546362,0.29498798,0.2962688,0.29658157,0.29671884,0.29547158,0.29361528,0.2937121,0.2965398,0.29554227,0.29483643,0.2945176,0.2942098,0.29838234,0.2952096,0.2996738],"iteration":729,"epoch":10,"iterations_per_epoch":81,"starting_time":"","max_iterations":1620,"learning_rate_changed":false},"Validation_plot":{"loss":[],"accuracy":[],"loss_std":0.0,"accuracy_std":0.0,"accuracy_std_in":[],"data_input_orig":[],"data_labels_orig":[],"data_input":[],"data_labels":[],"data_predicted":[],"data_error":[],"progress":1.0,"validation_done":true},"problem_type":["Segmentation",1],"input_type":["Image",0],"template":"C:/Users/a_ill/Documents/GitHub/Deep-Data-Analysis/source/models/yeast.model","images":"C:/Users/a_ill/Documents/GitHub/Deep-Data-Analysis/source/Batch/Training/Images","labels":"C:/Users/a_ill/Documents/GitHub/Deep-Data-Analysis/source/Batch/Training/Labels","name":"yeast","type":"segmentation","url_imgs":[],"url_labels":[],"data_ready":[],"stop_training":false,"task_done":true,"training_started":true,"validation_started":true},"Analysis":{"a":0},"Visualisation":{"a":0},"stop_task":false,"image":[]}